﻿<?xml version="1.0" encoding="utf-8"?>
<model xmlns:uml="uri:1" id="0" name="TARGET">
  <packagedElement name="Corporate Network" id="1001">
    <Vertex>Payment Server<id>1</id><Labelling><Properties><OS>Microsoft OS</OS></Properties><Vulnerability></Vulnerability></Labelling></Vertex>
    <Vertex>Web Server<id>2</id><Labelling><Properties><OS>Microsoft OS</OS></Properties><Vulnerability></Vulnerability></Labelling></Vertex>
    <Vertex>Server<id>3</id><Labelling><Properties><OS></OS></Properties><Vulnerability></Vulnerability></Labelling></Vertex>
    <Vertex>Database Server<id>4</id><Labelling><Properties><OS></OS></Properties><Vulnerability></Vulnerability></Labelling></Vertex>
    <Vertex>Directory Server<id>5</id><Labelling><Vulnerability></Vulnerability><Properties></Properties></Labelling></Vertex>
    <Vertex>Switch<id>6</id><Labelling><Vulnerability></Vulnerability><Properties></Properties></Labelling></Vertex>
    <Edge>
      <id>7</id>
      <source>
        <name>Switch </name>
      </source>
      <target>
        <name>Payment Server</name>
      </target>
      <Labelling>
        <Protocol></Protocol>
      </Labelling>
    </Edge>
    <Edge>
      <id>8</id>
      <source>
        <name>Switch </name>
      </source>
      <target>
        <name>Web Server</name>
      </target>
      <Labelling>
        <Protocol></Protocol>
      </Labelling>
    </Edge>
    <Edge>
      <id>9</id>
      <source>
        <name>Web Server</name>
      </source>
      <target>
        <name>Database Server</name>
      </target>
      <Labelling>
        <Protocol></Protocol>
      </Labelling>
    </Edge>
    <Edge>
      <id>10</id>
      <source>
        <name>Web Server</name>
      </source>
      <target>
        <name>Directory Server</name>
      </target>
      <Labelling>
        <Protocol></Protocol>
      </Labelling>
    </Edge>
    <Edge>
      <id>11</id>
      <source>
        <name>Web Server</name>
      </source>
      <target>
        <name>Internet</name>
      </target>
      <Labelling>
        <Protocol></Protocol>
      </Labelling>
    </Edge>
    <Edge>
      <id>12</id>
      <source>
        <name>Leased Line</name>
      </source>
      <target>
        <name>Switch</name>
      </target>
      <Labelling>
        <Protocol></Protocol>
      </Labelling>
    </Edge>
    <Edge>
      <id>13</id>
      <source>
        <name>Payment Server</name>
      </source>
      <target>
        <name>VPN Network</name>
      </target>
      <Labelling>
        <Protocol>VPN</Protocol>
      </Labelling>
    </Edge>
  </packagedElement>
  <packagedElement name="Store 1" id="1002">
    <Vertex>Back of House Server<id>14</id><Labelling><Properties><OS>Microsoft OS</OS></Properties></Labelling></Vertex>
    <Vertex>POS Terminal<id>15</id><Labelling><Vulnerability></Vulnerability><Properties><OS></OS></Properties></Labelling></Vertex>
    <Vertex>Switch<id>16</id><Labelling><Vulnerability></Vulnerability><Properties></Properties></Labelling></Vertex>
    <Edge>
      <id>17</id>
      <source>
        <name>Back of House Server</name>
      </source>
      <target>
        <name>Switch</name>
      </target>
      <Labelling>
        <Protocol></Protocol>
      </Labelling>
    </Edge>
    <Edge>
      <id>18</id>
      <source>
        <name>Switch</name>
      </source>
      <target>
        <name>POS Terminal</name>
      </target>
      <Labelling>
        <Protocol></Protocol>
      </Labelling>
    </Edge>
  </packagedElement>
  <packagedElement name="Store 2" id="1003">
    <Vertex>Back of House Server<id>19</id><Labelling><Properties><OS>Microsoft OS</OS></Properties></Labelling></Vertex>
    <Vertex>POS Terminal<id>20</id><Labelling><Vulnerability></Vulnerability><Properties><OS></OS></Properties></Labelling></Vertex>
    <Vertex>Switch<id>21</id><Labelling><Vulnerability></Vulnerability><Properties></Properties></Labelling></Vertex>
    <Edge>
      <id>22</id>
      <source>
        <name>Back of House Server</name>
      </source>
      <target>
        <name>Switch</name>
      </target>
      <Labelling>
        <Protocol></Protocol>
      </Labelling>
    </Edge>
    <Edge>
      <id>23</id>
      <source>
        <name>Switch</name>
      </source>
      <target>
        <name>POS Terminal</name>
      </target>
      <Labelling>
        <Protocol></Protocol>
      </Labelling>
    </Edge>
  </packagedElement>
  <packagedElement name="Store 3" id="1004">
    <Vertex>Back of House Server<id>24</id><Labelling><Properties><OS>Microsoft OS</OS></Properties></Labelling></Vertex>
    <Vertex>POS Terminal<id>25</id><Labelling><Vulnerability></Vulnerability><Properties><OS></OS></Properties></Labelling></Vertex>
    <Vertex>Switch<id>26</id><Labelling><Vulnerability></Vulnerability><Properties></Properties></Labelling></Vertex>
    <Edge>
      <id>27</id>
      <source>
        <name>Back of House Server</name>
      </source>
      <target>
        <name>Switch</name>
      </target>
      <Labelling>
        <Protocol></Protocol>
      </Labelling>
    </Edge>
    <Edge>
      <id>28</id>
      <source>
        <name>Switch</name>
      </source>
      <target>
        <name>POS Terminal</name>
      </target>
      <Labelling>
        <Protocol></Protocol>
      </Labelling>
    </Edge>
  </packagedElement>
  <Vertex>Leased Line<id>29</id><Labelling><Properties></Properties></Labelling></Vertex>
  <Vertex>Bank<id>30</id><Labelling><Properties></Properties></Labelling></Vertex>
</model>