﻿<?xml version="1.0" encoding="utf-8"?>
<model xmlns:uml="uri:1" id="0" name="Maroochy">
  <packagedElement name="Process Control Network" id="1001">
    <Vertex>HMI Computer<id>1</id><Labelling><Vulnerability></Vulnerability><Properties><OS>Microsoft OS</OS></Properties></Labelling></Vertex>
    <Vertex>SCADA Server<id>2</id><Labelling><Vulnerability></Vulnerability><Properties><OS>Microsoft OS</OS></Properties></Labelling></Vertex>
    <Vertex>SCADA Client<id>3</id><Labelling><Vulnerability>CVE-2010-2549,CVE-2010-2743,CVE-2010-2744,CVE-2010-3338,CVE-2008-4250,CVE-2010-2568,CVE-2010-2729</Vulnerability><Properties><OS>Microsoft OS</OS></Properties></Labelling></Vertex>
    <Vertex>Radio Network<id>4</id><Labelling><Vulnerability></Vulnerability><Properties><OS></OS></Properties></Labelling></Vertex>
    <Vertex>RTU - PDS Compact 500<id>5</id><Labelling><Vulnerability></Vulnerability><Properties><OS></OS></Properties></Labelling></Vertex>
    <Vertex>RTU - PDS Compact 500 <id>6</id><Labelling><Vulnerability></Vulnerability><Properties><OS></OS></Properties></Labelling></Vertex>
    <Vertex>Pump 1 <id>7</id><Labelling><Vulnerability></Vulnerability><Properties><OS></OS></Properties></Labelling></Vertex>
    <Vertex>Pump 2 <id>8</id><Labelling><Vulnerability></Vulnerability><Properties><OS></OS></Properties></Labelling></Vertex>
    <Edge>
      <id>9</id>
      <source>
        <name>Historian Web Client</name>
      </source>
      <target>
        <name>ECN Server</name>
      </target>
      <Labelling>
        <Protocol>TCP/IP</Protocol>
      </Labelling>
    </Edge>
    <Edge>
      <id>10</id>
      <source>
        <name>SCADA Client </name>
      </source>
      <target>
        <name>SCADA Server</name>
      </target>
      <Labelling>
        <Protocol>TCP/IP</Protocol>
      </Labelling>
    </Edge>
    <Edge>
      <id>11</id>
      <source>
        <name>SCADA Client </name>
      </source>
      <target>
        <name>HMI Computer</name>
      </target>
      <Labelling>
        <Protocol>TCP/IP</Protocol>
      </Labelling>
    </Edge>
    <Edge>
      <id>12</id>
      <source>
        <name>SCADA Server</name>
      </source>
      <target>
        <name>Radio Network</name>
      </target>
      <Labelling>
        <Protocol>Two way radio</Protocol>
      </Labelling>
    </Edge>
    <Edge>
      <id>13</id>
      <source>
        <name>Radio Network</name>
      </source>
      <target>
        <name>RTU - PDS Compact 500</name>
      </target>
      <Labelling>
        <Protocol>Two way radio</Protocol>
      </Labelling>
    </Edge>
    <Edge>
      <id>14</id>
      <source>
        <name>RTU - PDS Compact 500</name>
      </source>
      <target>
        <name>Pump 1</name>
      </target>
      <Labelling>
        <Protocol></Protocol>
      </Labelling>
    </Edge>
    <Edge>
      <id>15</id>
      <source>
        <name>RTU - PDS Compact 500</name>
      </source>
      <target>
        <name>Pump 2</name>
      </target>
      <Labelling>
        <Protocol></Protocol>
      </Labelling>
    </Edge>
  </packagedElement>
</model>