﻿<?xml version="1.0" encoding="utf-8"?>
<model xmlns:uml="uri:1" id="0" name="Attack" xmlns:xlink="http://www.w3.org/1999/xlink">
  <packagedElement name="Attacker" id="1000">
    <node>
      <id>10</id>
      <Goal>Espionage</Goal>
      <Access>External attacker</Access>
      <Skill>Advanced persistent attack, multiple attack vectors , ability to use known exploits  </Skill>
    </node>
  </packagedElement>
  <packagedElement name="Attack Step " id="1001">
    <node>
      <id>1</id>
      <Des>Spear phishing campaign</Des>
      <Pre>Email containing malicious links, ability to exploit Adobe XDP vulnerability</Pre>
      <Post>Infected system in enterprise control network.</Post>
      <Countermeasure xlink:type="simple" xlink:href="/Countermeasures/dragonfly_countermeasure.xml#1"></Countermeasure>
      <Countermeasure xlink:type="simple" xlink:href="/Countermeasures/dragonfly_countermeasure.xml#6"></Countermeasure>
    </node>
    <node>
      <id>2</id>
      <Des>Water holing techniques</Des>
      <Pre>Compromised CMS , ability to exploit several Java , HTML and Internet explorer vulnerabilities</Pre>
      <Post>Infected system in enterprise control network.</Post>
      <Countermeasure xlink:type="simple" xlink:href="/Countermeasures/dragonfly_countermeasure.xml#3"></Countermeasure>
      <Countermeasure xlink:type="simple" xlink:href="/Countermeasures/dragonfly_countermeasure.xml#4"></Countermeasure>
    </node>
    <node>
      <id>3</id>
      <Des>Trojanized vendor software </Des>
      <Pre>Compromised CMS, reverse engineering techniques</Pre>
      <Post>Infected system in enterprise control network.</Post>
      <Countermeasure xlink:type="simple" xlink:href="/Countermeasures/dragonfly_countermeasure.xml#3"></Countermeasure>
      <Countermeasure xlink:type="simple" xlink:href="/Countermeasures/dragonfly_countermeasure.xml#4"></Countermeasure>
    </node>
    <node>
      <id>4</id>
      <Des>Establish Command and Control communication</Des>
      <Pre>Malware to talk to C2C infrastructure</Pre>
      <Post>Ability to exfiltrate data from the system , ability to update malware capabilities remotely</Post>
      <Countermeasure xlink:type="simple" xlink:href="/Countermeasures/dragonfly_countermeasure.xml#2"></Countermeasure>
      <Countermeasure xlink:type="simple" xlink:href="/Countermeasures/dragonfly_countermeasure.xml#5"></Countermeasure>
    </node>
    <node>
      <id>5</id>
      <Des>Outlook contacts grabber payload module</Des>
      <Pre>Discreet C2C communication established</Pre>
      <Post>Exfiltrate outlook contact information </Post>
      <Countermeasure xlink:type="simple" xlink:href="/Countermeasures/dragonfly_countermeasure.xml#2"></Countermeasure>
      <Countermeasure xlink:type="simple" xlink:href="/Countermeasures/dragonfly_countermeasure.xml#5"></Countermeasure>
    </node>
    <node>
      <id>6</id>
      <Des>System information grabber payload</Des>
      <Pre>Discreet C2C communication established</Pre>
      <Post>Exfiltrate system information ( name, drives , running processes ,etc ) </Post>
      <Countermeasure xlink:type="simple" xlink:href="/Countermeasures/dragonfly_countermeasure.xml#2"></Countermeasure>
      <Countermeasure xlink:type="simple" xlink:href="/Countermeasures/dragonfly_countermeasure.xml#5"></Countermeasure>
    </node>
    <node>
      <id>7</id>
      <Des>OPC Scanner payload</Des>
      <Pre>Discreet C2C communication established</Pre>
      <Post>Exfiltrate OPC server information </Post>
      <Countermeasure xlink:type="simple" xlink:href="/Countermeasures/dragonfly_countermeasure.xml#2"></Countermeasure>
      <Countermeasure xlink:type="simple" xlink:href="/Countermeasures/dragonfly_countermeasure.xml#5"></Countermeasure>
    </node>
    <node>
      <id>8</id>
      <Des>Industrial protocol Scanner payload</Des>
      <Pre>Discreet C2C communication established</Pre>
      <Post>Enumerate hosts with open TCP connections</Post>
      <Countermeasure xlink:type="simple" xlink:href="/Countermeasures/dragonfly_countermeasure.xml#2"></Countermeasure>
      <Countermeasure xlink:type="simple" xlink:href="/Countermeasures/dragonfly_countermeasure.xml#5"></Countermeasure>
    </node>
  </packagedElement>
</model>