﻿<?xml version="1.0" encoding="utf-8"?>
<model xmlns:uml="uri:1" id="0" name="Maroochy">
  <packagedElement name="Maroochy_Operations" id="1001">
    <Vertex>Activity Inital<id>1</id><Labelling><Time></Time><Cost /><Requirements /></Labelling><Mapping><User></User><Network></Network><Data></Data></Mapping></Vertex>
    <Vertex>Send commands to adjust pump operations<id>2</id><Labelling><Time></Time><Cost /><Requirements /></Labelling><Mapping><User>HMI operator</User><Network>WinCC Client , WinCC Server</Network><Data>SCADA commands</Data></Mapping></Vertex>
    <Vertex>Relay commands<id>3</id><Labelling><Time></Time><Cost /><Requirements /></Labelling><Mapping><User></User><Network>Radio Network , Repeater Stations </Network><Data></Data></Mapping></Vertex>
    <Vertex>Instruct pumps to start/stop/up/down<id>4</id><Labelling><Time></Time><Cost /><Requirements /></Labelling><Mapping><User></User><Network>Pumping Station RTU </Network><Data>Logs, messages , alarms</Data></Mapping></Vertex>
    <Vertex>Execute instructions<id>5</id><Labelling><Time></Time><Cost /><Requirements /></Labelling><Mapping><User></User><Network>Industrial automation process </Network><Data>Messages , alarms</Data></Mapping></Vertex>
    <Vertex>Flow final<id>6</id><Labelling><Time></Time><Cost /><Requirements /></Labelling><Mapping><User></User><Network></Network><Data></Data></Mapping></Vertex>
    <Vertex>Activity Start<id>7</id><Labelling><Time></Time><Cost /><Requirements /></Labelling><Mapping><User></User><Network></Network><Data></Data></Mapping></Vertex>
    <Vertex>Return operation status<id>8</id><Labelling><Time></Time><Cost /><Requirements /></Labelling><Mapping><User></User><Network>Industrial automation process</Network><Data>Messages , alarms</Data></Mapping></Vertex>
    <Vertex>Monitor status of pumps and others<id>9</id><Labelling><Time></Time><Cost /><Requirements /></Labelling><Mapping><User></User><Network>Pumping station RTU</Network><Data>Logs,messages , alarms</Data></Mapping></Vertex>
    <Vertex>Send alarms when anomaly detected<id>10</id><Labelling><Time></Time><Cost /><Requirements /></Labelling><Mapping><User></User><Network>Pumping station RTU</Network><Data>Logs,messages , alarms</Data></Mapping></Vertex>
    <Vertex>Relay status<id>11</id><Labelling><Time></Time><Cost /><Requirements /></Labelling><Mapping><User></User><Network>Radio network repeater stations</Network><Data>Logs,messages </Data></Mapping></Vertex>
    <Vertex>alarms<id>11</id><Labelling><Time></Time><Cost /><Requirements /></Labelling><Mapping><User></User><Network>Radio network repeater stations</Network><Data>Logs, alarms</Data></Mapping></Vertex>
    <Vertex>Process &amp; respond to alarms<id>12</id><Labelling><Time></Time><Cost /><Requirements /></Labelling><Mapping><User>HMI Operator</User><Network>HMI Computer, Scada client , Scada server</Network><Data>Logs, messages ,alarms</Data></Mapping></Vertex>
    <Vertex>Activity Final<id>13</id><Labelling><Time></Time><Cost /><Requirements /></Labelling><Mapping><User></User><Network></Network><Data></Data></Mapping></Vertex>
    <Edge>
      <id>14</id>
      <source>
        <name>Activity initial </name>
      </source>
      <target>
        <name>Send commands to adjust pump operations</name>
      </target>
    </Edge>
    <Edge>
      <id>15</id>
      <source>
        <name>Send commands to adjust pump operations</name>
      </source>
      <target>
        <name>Relay commands</name>
      </target>
    </Edge>
    <Edge>
      <id>16</id>
      <source>
        <name>Relay commands</name>
      </source>
      <target>
        <name>Instruct pumps to start/stop/up/down</name>
      </target>
    </Edge>
    <Edge>
      <id>17</id>
      <source>
        <name>Instruct pumps to start/stop/up/down</name>
      </source>
      <target>
        <name>Execute instructions</name>
      </target>
    </Edge>
    <Edge>
      <id>18</id>
      <source>
        <name>Execute instructions</name>
      </source>
      <target>
        <name>Flow Final</name>
      </target>
    </Edge>
    <Edge>
      <id>19</id>
      <source>
        <name>Activity Inital </name>
      </source>
      <target>
        <name>Return operation status</name>
      </target>
    </Edge>
    <Edge>
      <id>20</id>
      <source>
        <name>Return operation status</name>
      </source>
      <target>
        <name>Monitor status of pumps and others</name>
      </target>
    </Edge>
    <Edge>
      <id>21</id>
      <source>
        <name>Monitor status of pumps and others</name>
      </source>
      <target>
        <name>Send alarms when anomaly detected</name>
      </target>
    </Edge>
    <Edge>
      <id>22</id>
      <source>
        <name>Send alarms when anomaly detected</name>
      </source>
      <target>
        <name>Relay alarms</name>
      </target>
    </Edge>
    <Edge>
      <id>23</id>
      <source>
        <name>Monitor status of pumps and others</name>
      </source>
      <target>
        <name>Relay status</name>
      </target>
    </Edge>
    <Edge>
      <id>24</id>
      <source>
        <name>Relay status</name>
      </source>
      <target>
        <name>Display results to HMI operator</name>
      </target>
    </Edge>
    <Edge>
      <id>25</id>
      <source>
        <name>Relay alarms</name>
      </source>
      <target>
        <name>Process &amp; respond to alarms</name>
      </target>
    </Edge>
    <Edge>
      <id>26</id>
      <source>
        <name>Process &amp; respond to alarms</name>
      </source>
      <target>
        <name>Display results to HMI operator</name>
      </target>
    </Edge>
    <Edge>
      <id>27</id>
      <source>
        <name>Display results to HMI operator</name>
      </source>
      <target>
        <name>Activity Final</name>
      </target>
    </Edge>
  </packagedElement>
</model>