﻿<?xml version="1.0" encoding="utf-8"?>
<model xmlns:uml="uri:1" id="0" name="Data">
  <packagedElement name="Data" id="1000">
    <node>
      <id>10</id>
      <Des>LDAP login credentials</Des>
      <Mapping>
        <Encryption>Yes</Encryption>
        <Device>Office network LDAP Server</Device>
      </Mapping>
    </node>
    <node>
      <id>11</id>
      <Des>Web Data</Des>
      <Mapping>
        <Encryption>No</Encryption>
        <Device>CMS server</Device>
      </Mapping>
    </node>
  </packagedElement>
</model>