﻿<?xml version="1.0" encoding="utf-8"?>
<model xmlns:uml="uri:1" id="0" name="SEA ">
  <packagedElement name="SEA Attack" id="1001">
    <Vertex>Home PC<id>1</id><Labelling><Vulnerability></Vulnerability><Properties><OS>Linux OS</OS></Properties></Labelling></Vertex>
    <Vertex>Firewall<id>2</id><Labelling><Vulnerability></Vulnerability><Properties><OS>Linux OS</OS></Properties></Labelling></Vertex>
    <Vertex>Office PC<id>3</id><Labelling><Vulnerability></Vulnerability><Properties><OS>Microsoft OS</OS></Properties></Labelling></Vertex>
    <Vertex>CMS Network<id>4</id><Labelling><Vulnerability></Vulnerability><Properties><OS></OS></Properties></Labelling></Vertex>
    <Vertex>Internet<id>5</id><Labelling><Vulnerability></Vulnerability><Properties><OS></OS></Properties></Labelling></Vertex>
    <Edge>
      <id>9</id>
      <source>
        <name>Home PC</name>
      </source>
      <target>
        <name>Firewall</name>
      </target>
      <Labelling>
        <Protocol>TCP/IP</Protocol>
      </Labelling>
    </Edge>
    <Edge>
      <id>10</id>
      <source>
        <name>Firewall</name>
      </source>
      <target>
        <name>Office PC</name>
      </target>
      <Labelling>
        <Protocol>TCP/IP</Protocol>
      </Labelling>
    </Edge>
    <Edge>
      <id>11</id>
      <source>
        <name>Office PC</name>
      </source>
      <target>
        <name>CMS Server</name>
      </target>
      <Labelling>
        <Protocol>TCP/IP</Protocol>
      </Labelling>
    </Edge>
    <Edge>
      <id>12</id>
      <source>
        <name>CMS Server</name>
      </source>
      <target>
        <name>Internet</name>
      </target>
      <Labelling>
        <Protocol>TCP/IP</Protocol>
      </Labelling>
    </Edge>
  </packagedElement>
</model>