﻿<?xml version="1.0" encoding="utf-8"?>
<model xmlns:uml="uri:1" id="0" name="Data">
  <packagedElement name="Data" id="1000">
    <node>
      <id>10</id>
      <Des>Historian Logs</Des>
      <Mapping>
        <Encryption>No</Encryption>
        <Device>Historian workstations,Various web clients</Device>
      </Mapping>
    </node>
    <node>
      <id>11</id>
      <Des>Project files</Des>
      <Mapping>
        <Encryption>No</Encryption>
        <Device>SCADA clients and SCADA Servers in the system</Device>
      </Mapping>
    </node>
    <node>
      <id>12</id>
      <Des>Process values,alarms,messages</Des>
      <Mapping>
        <Encryption>No</Encryption>
        <Device>All servers , historians in the system</Device>
      </Mapping>
    </node>
  </packagedElement>
</model>