﻿<?xml version="1.0" encoding="utf-8"?>
<model xmlns:uml="uri:1" id="0" name="User">
  <packagedElement name="User" id="1">
    <node>
      <id>10</id>
      <Des>
        <Name>Office Employee</Name>
        <Role>user</Role>
      </Des>
      <Mapping>
        <Device>Employee PC in the office network</Device>
        <Data>Project files</Data>
      </Mapping>
    </node>
    <node>
      <id>11</id>
      <Des>
        <Name>Network Administrator</Name>
        <Role>Admin</Role>
      </Des>
      <Mapping>
        <Device>All PC in the office network</Device>
        <Data>Process logs, messages , alerts</Data>
      </Mapping>
    </node>
  </packagedElement>
</model>