﻿<?xml version="1.0" encoding="utf-8"?>
<model xmlns:uml="uri:1" id="0" name="TARGET">
  <packagedElement name="Target_Operations" id="1001">
    <Vertex>Activity Start<id>1</id><Labelling><Time></Time><Cost /><Requirements /></Labelling><Mapping><User></User><Network></Network><Data></Data></Mapping></Vertex>
    <Vertex>Customer swipes credit card at POS terminal <id>2</id><Labelling><Time></Time><Cost /><Requirements /></Labelling><Mapping><User>Customer</User><Network>POS Terminal</Network><Data>Credit Card Data, Customer PII</Data></Mapping></Vertex>
    <Vertex>POS Termial software reads credit card data<id>3</id><Labelling><Time></Time><Cost /><Requirements /></Labelling><Mapping><User></User><Network>POS Terminal</Network><Data>Credit Card Data, Customer PII</Data></Mapping></Vertex>
    <Vertex>POS Terminal sends encrypted card data to BOH Server<id>4</id><Labelling><Time></Time><Cost /><Requirements /></Labelling><Mapping><User></User><Network>POS Terminal</Network><Data>Credit Card Data, Customer PII</Data></Mapping></Vertex>
    <Vertex>BOH server batches request from all POS Terminals at the store<id>5</id><Labelling><Time></Time><Cost /><Requirements /></Labelling><Mapping><User></User><Network>BOH Server</Network><Data>Credit Card Data, Customer PII</Data></Mapping></Vertex>
    <Vertex>BOH server sends request to payment gateway to authorize the transaction<id>6</id><Labelling><Time></Time><Cost /><Requirements /></Labelling><Mapping><User></User><Network>BOH Server , Payment gateway</Network><Data>Credit Card Data, Customer PII , access token</Data></Mapping></Vertex>
    <Vertex>Payment server communicates request to the acquirer Bank<id>7</id><Labelling><Time></Time><Cost /><Requirements /></Labelling><Mapping><User></User><Network>Payment Server , Bank</Network><Data>Credit Card Data, Customer PII</Data></Mapping></Vertex>
    <Vertex>Acquirer Bank approves/dissaproves the transaction request<id>8</id><Labelling><Time></Time><Cost /><Requirements /></Labelling><Mapping><User></User><Network>Bank</Network><Data>Status, messages</Data></Mapping></Vertex>
    <Edge>
      <id>9</id>
      <source>
        <name>Operator logs on to the WinCC/Step 7 terminal</name>
      </source>
      <target>
        <name>Operator compiles Step7 project codes</name>
      </target>
    </Edge>
    <Edge>
      <id>10</id>
      <source>
        <name>Operator compiles Step7 project codes</name>
      </source>
      <target>
        <name>Operator sends assembly code to PLC</name>
      </target>
    </Edge>
    <Edge>
      <id>11</id>
      <source>
        <name>Operator sends assembly code to PLC</name>
      </source>
      <target>
        <name>PLC executes the code and sends result to industrial process</name>
      </target>
    </Edge>
    <Edge>
      <id>12</id>
      <source>
        <name>PLC executes the code and sends result to industrial process</name>
      </source>
      <target>
        <name>Receive request and perform operation</name>
      </target>
    </Edge>
    <Edge>
      <id>13</id>
      <source>
        <name>Return status of operation</name>
      </source>
      <target>
        <name>Relay status of operation</name>
      </target>
    </Edge>
    <Edge>
      <id>14</id>
      <source>
        <name>Relay status of operation</name>
      </source>
      <target>
        <name>HMI Operator sees results</name>
      </target>
    </Edge>
    <Edge>
      <id>15</id>
      <source>
        <name>Activity Start</name>
      </source>
      <target>
        <name>Operator logs on to the WinCC/Step 7 terminal</name>
      </target>
    </Edge>
    <Edge>
      <id>16</id>
      <source>
        <name>Receive request and perform operation</name>
      </source>
      <target>
        <name>Flow Final</name>
      </target>
    </Edge>
    <Edge>
      <id>17</id>
      <source>
        <name>HMI Operator sees results</name>
      </source>
      <target>
        <name>Activity Final</name>
      </target>
    </Edge>
    <Vertex>Payement Server receives payment result from the acquirer bank<id>9</id><Labelling><Time></Time><Cost /><Requirements /></Labelling><Mapping><User></User><Network>Payment Server ,Bank</Network><Data>Status, messages</Data></Mapping></Vertex>
    <Vertex>BOH receives transaction result from acquirer bank<id>10</id><Labelling><Time></Time><Cost /><Requirements /></Labelling><Mapping><User></User><Network>Payment Server ,BOH Server</Network><Data>Status, messages</Data></Mapping></Vertex>
    <Vertex>POS Terminal receives transaction result from the BOH<id>11</id><Labelling><Time></Time><Cost /><Requirements /></Labelling><Mapping><User></User><Network>POS Terminal ,BOH Server</Network><Data>Status, messages</Data></Mapping></Vertex>
    <Vertex>Activity Final<id>12</id><Labelling><Time></Time><Cost /><Requirements /></Labelling><Mapping><User></User><Network></Network><Data></Data></Mapping></Vertex>
    <Edge>
      <id>13</id>
      <source>
        <name>Activity Initial </name>
      </source>
      <target>
        <name>Customer swipes credit card at POS terminal </name>
      </target>
    </Edge>
    <Edge>
      <id>14</id>
      <source>
        <name>Customer swipes credit card at POS terminal </name>
      </source>
      <target>
        <name>POS Termial software reads credit card data</name>
      </target>
    </Edge>
    <Edge>
      <id>15</id>
      <source>
        <name>POS Termial software reads credit card data</name>
      </source>
      <target>
        <name>POS Terminal sends encrypted card data to BOH Server</name>
      </target>
    </Edge>
    <Edge>
      <id>15</id>
      <source>
        <name>POS Terminal sends encrypted card data to BOH Server</name>
      </source>
      <target>
        <name>BOH server batches request from all POS Terminals at the store</name>
      </target>
    </Edge>
    <Edge>
      <id>16</id>
      <source>
        <name>BOH server batches request from all POS Terminals at the store</name>
      </source>
      <target>
        <name>BOH server sends request to payment gateway to authorize the transaction</name>
      </target>
    </Edge>
    <Edge>
      <id>17</id>
      <source>
        <name>BOH server sends request to payment gateway to authorize the transaction</name>
      </source>
      <target>
        <name>Payment server communicates request to the acquirer Bank</name>
      </target>
    </Edge>
    <Edge>
      <id>17</id>
      <source>
        <name>Payment server communicates request to the acquirer Bank</name>
      </source>
      <target>
        <name>Acquirer Bank approves/dissaproves the transaction request</name>
      </target>
    </Edge>
    <Edge>
      <id>18</id>
      <source>
        <name>Acquirer Bank approves/dissaproves the transaction request</name>
      </source>
      <target>
        <name>Payement Server receives payment result from the acquirer bank</name>
      </target>
    </Edge>
    <Edge>
      <id>19</id>
      <source>
        <name>Payement Server receives payment result from the acquirer bank</name>
      </source>
      <target>
        <name>BOH receives transaction result from acquirer bank</name>
      </target>
    </Edge>
    <Edge>
      <id>20</id>
      <source>
        <name>BOH receives transaction result from acquirer bank</name>
      </source>
      <target>
        <name>POS Terminal receives transaction result from the BOH</name>
      </target>
    </Edge>
    <Edge>
      <id>21</id>
      <source>
        <name>POS Terminal receives transaction result from the BOH</name>
      </source>
      <target>
        <name>Activity Final</name>
      </target>
    </Edge>
  </packagedElement>
</model>