﻿<?xml version="1.0" encoding="utf-8"?>
<model xmlns:uml="uri:1" id="0" name="Data">
  <packagedElement name="Data" id="1">
    <node>
      <id>10</id>
      <Des>
        <Name>Contractor</Name>
        <Role>External vendor</Role>
      </Des>
      <Mapping>
        <Device>Web server</Device>
        <Data>Access token</Data>
      </Mapping>
    </node>
    <node>
      <id>11</id>
      <Des>
        <Name>Domain Adminstrator</Name>
        <Role>admin</Role>
      </Des>
      <Mapping>
        <Device>All devices in network</Device>
        <Data>Admin access token</Data>
      </Mapping>
    </node>
    <node>
      <id>12</id>
      <Des>
        <Name>Customer in store</Name>
        <Role>non priviledged user</Role>
      </Des>
      <Mapping>
        <Device>POS Terminal</Device>
        <Data></Data>
      </Mapping>
    </node>
  </packagedElement>
</model>