﻿<?xml version="1.0" encoding="utf-8"?>
<model xmlns:uml="uri:1" id="0" name="User">
  <packagedElement name="User" id="1">
    <node>
      <id>10</id>
      <Des>
        <Name>Contractor</Name>
        <Role>External vendor</Role>
      </Des>
      <Mapping>
        <Device>Any computer in the network</Device>
        <Data>Project source files, installation logs</Data>
      </Mapping>
    </node>
    <node>
      <id>11</id>
      <Des>
        <Name>HMI Operator</Name>
        <Role>User</Role>
      </Des>
      <Mapping>
        <Device>HMI components in the SCADA network</Device>
        <Data>Process alarms,messages and status</Data>
      </Mapping>
    </node>
    <node>
      <id>12</id>
      <Des>
        <Name>Maintainance staff</Name>
        <Role>non priviledged user</Role>
      </Des>
      <Mapping>
        <Device>SCADA systems in control network</Device>
        <Data>SCADA software, debug routines, programs</Data>
      </Mapping>
    </node>
  </packagedElement>
</model>