﻿<?xml version="1.0" encoding="utf-8"?>
<model xmlns:uml="uri:1" id="0" name="DragonFly">
  <packagedElement name="Isolated Control System Network" id="1001">
    <Vertex>HMI Computer<id>1</id><Labelling><Vulnerability></Vulnerability><Properties><OS></OS></Properties></Labelling></Vertex>
    <Vertex>SCADA System (Client &amp; Server) <id>2</id><Labelling><Vulnerability></Vulnerability><Properties><OS>Microsoft OS</OS></Properties></Labelling></Vertex>
    <Vertex>eFive solution<id>3</id><Labelling><Vulnerability></Vulnerability><Properties><OS></OS></Properties></Labelling></Vertex>
    <Edge>
      <id>6</id>
      <source>
        <name>HMI Computer</name>
      </source>
      <target>
        <name>Scada System</name>
      </target>
      <Labelling>
        <Protocol>TCP/IP</Protocol>
      </Labelling>
    </Edge>
    <Edge>
      <id>7</id>
      <source>
        <name>Scada System</name>
      </source>
      <target>
        <name>eFive</name>
      </target>
      <Labelling>
        <Protocol></Protocol>
      </Labelling>
    </Edge>
    <Edge>
      <id>8</id>
      <source>
        <name>eFive</name>
      </source>
      <target>
        <name>Internet</name>
      </target>
      <Labelling>
        <Protocol>VPN</Protocol>
      </Labelling>
    </Edge>
    <Edge>
      <id>9</id>
      <source>
        <name>Internet</name>
      </source>
      <target>
        <name>eWon VPN Router</name>
      </target>
      <Labelling>
        <Protocol>VPN</Protocol>
      </Labelling>
    </Edge>
    <Edge>
      <id>10</id>
      <source>
        <name>eWon VPN Router</name>
      </source>
      <target>
        <name>PLC</name>
      </target>
      <Labelling>
        <Protocol>MODBUS</Protocol>
      </Labelling>
    </Edge>
    <Vertex>Internet<id>11</id><Labelling><Vulnerability></Vulnerability><Properties><OS></OS></Properties></Labelling></Vertex>
    <Vertex>eWon VPN Router<id>11</id><Labelling><Vulnerability></Vulnerability><Properties><OS></OS></Properties></Labelling></Vertex>
    <Vertex>PLC<id>12</id><Labelling><Vulnerability></Vulnerability><Properties><OS></OS></Properties></Labelling></Vertex>
  </packagedElement>
</model>