﻿<?xml version="1.0" encoding="utf-8"?>
<model xmlns:uml="uri:1" id="0" name="Countermeasure">
  <packagedElement id="1000">
    <node>
      <id>1</id>
      <Des>Multi-factor authentication</Des>
      <Mapping>
        <Effectiveness>High</Effectiveness>
        <Cost>High</Cost>
        <Component>User</Component>
      </Mapping>
    </node>
    <node>
      <id>2</id>
      <Des>Application Whitelisting</Des>
      <Mapping>
        <Effectiveness>Medium</Effectiveness>
        <Cost>Low</Cost>
        <Component>POS terminal</Component>
      </Mapping>
    </node>
    <node>
      <id>3</id>
      <Des>Real Time monitoring</Des>
      <Mapping>
        <Effectiveness>Medium</Effectiveness>
        <Cost>High</Cost>
        <Component>Directory server, web server, POS terminal, Payment server</Component>
      </Mapping>
    </node>
    <node>
      <id>4</id>
      <Des>PCI complaince</Des>
      <Mapping>
        <Effectiveness>High</Effectiveness>
        <Cost>High</Cost>
        <Component>Database</Component>
      </Mapping>
    </node>
    <node>
      <id>5</id>
      <Des>Penetration testing</Des>
      <Mapping>
        <Effectiveness>High</Effectiveness>
        <Cost>High</Cost>
        <Component>Database</Component>
      </Mapping>
    </node>
    <node>
      <id>6</id>
      <Des>External partner restricted access management policy</Des>
      <Mapping>
        <Effectiveness>Medium</Effectiveness>
        <Cost>Medium</Cost>
        <Component>User</Component>
      </Mapping>
    </node>
    <node>
      <id>7</id>
      <Des>Enforce least user access, Limit cached credentials</Des>
      <Mapping>
        <Effectiveness>High</Effectiveness>
        <Cost>Low</Cost>
        <Component>Active Directory</Component>
      </Mapping>
    </node>
  </packagedElement>
</model>