﻿<?xml version="1.0" encoding="utf-8"?>
<model xmlns:uml="uri:1" id="0" name="SEA">
  <packagedElement name="Maroochy_Operations" id="1001">
    <Vertex>Activity Inital<id>1</id><Labelling><Time></Time><Cost /><Requirements /></Labelling><Mapping><User></User><Network></Network><Data></Data></Mapping></Vertex>
    <Vertex>Employee attempts to log into office network . Provides credentials<id>2</id><Labelling><Time></Time><Cost /><Requirements /></Labelling><Mapping><User>Employee</User><Network>Home PC</Network><Data>LDAP login credentials</Data></Mapping></Vertex>
    <Vertex>Office network processes authentication requests.<id>3</id><Labelling><Time></Time><Cost /><Requirements /></Labelling><Mapping><User></User><Network>Office Network LDAP Server</Network><Data>LDAP login credentials</Data></Mapping></Vertex>
    <Vertex>Decision Box<id>4</id><Labelling><Time></Time><Cost /><Requirements /></Labelling><Mapping><User></User><Network></Network><Data></Data></Mapping></Vertex>
    <Vertex>Reports authentication failure<id>5</id><Labelling><Time></Time><Cost /><Requirements /></Labelling><Mapping><User></User><Network>Office Network, Employee PC</Network><Data>Messages , alarms</Data></Mapping></Vertex>
    <Vertex>Flow final<id>6</id><Labelling><Time></Time><Cost /><Requirements /></Labelling><Mapping><User></User><Network></Network><Data></Data></Mapping></Vertex>
    <Vertex>Create message to post on twitter<id>7</id><Labelling><Time></Time><Cost /><Requirements /></Labelling><Mapping><User>Employee</User><Network>Home PC</Network><Data>Web data</Data></Mapping></Vertex>
    <Vertex>Send message to Twitter Network<id>8</id><Labelling><Time></Time><Cost /><Requirements /></Labelling><Mapping><User>Employee</User><Network>Office network</Network><Data>Web data</Data></Mapping></Vertex>
    <Vertex>Single Sign On authenticates twitter login<id>9</id><Labelling><Time></Time><Cost /><Requirements /></Labelling><Mapping><User></User><Network>Office network LDAP Server </Network><Data>LDAP login credentials</Data></Mapping></Vertex>
    <Vertex>Post tweet<id>10</id><Labelling><Time></Time><Cost /><Requirements /></Labelling><Mapping><User></User><Network>CMS Server</Network><Data>Web data</Data></Mapping></Vertex>
    <Edge>
      <id>14</id>
      <source>
        <name>Activity initial </name>
      </source>
      <target>
        <name>Employee attempts to log into office network . Provides credentials</name>
      </target>
    </Edge>
    <Edge>
      <id>15</id>
      <source>
        <name>Employee attempts to log into office network . Provides credentials</name>
      </source>
      <target>
        <name>Office network processes authentication requests.</name>
      </target>
    </Edge>
    <Edge>
      <id>16</id>
      <source>
        <name>Office network processes authentication requests.</name>
      </source>
      <target>
        <name>Decision Box</name>
      </target>
    </Edge>
    <Edge>
      <id>17</id>
      <source>
        <name>Decision Box (T)</name>
      </source>
      <target>
        <name>Create message to post on Twitter</name>
      </target>
    </Edge>
    <Edge>
      <id>18</id>
      <source>
        <name>Create message to post on Twitter</name>
      </source>
      <target>
        <name>Send message to Twitter Network</name>
      </target>
    </Edge>
    <Edge>
      <id>19</id>
      <source>
        <name>Send message to Twitter Network</name>
      </source>
      <target>
        <name>Single Sign On authenticates twitter login</name>
      </target>
    </Edge>
    <Edge>
      <id>20</id>
      <source>
        <name>Single Sign On authenticates twitter login</name>
      </source>
      <target>
        <name>Post tweet </name>
      </target>
    </Edge>
    <Edge>
      <id>21</id>
      <source>
        <name>Post tweet </name>
      </source>
      <target>
        <name>Send alarms when anomaly detected</name>
      </target>
    </Edge>
    <Edge>
      <id>22</id>
      <source>
        <name>Decision Box (F)</name>
      </source>
      <target>
        <name>Reports authentication failure</name>
      </target>
    </Edge>
    <Edge>
      <id>23</id>
      <source>
        <name>Reports authentication failure</name>
      </source>
      <target>
        <name>Flow Final</name>
      </target>
    </Edge>
  </packagedElement>
</model>