﻿<?xml version="1.0" encoding="utf-8"?>
<model xmlns:uml="uri:1" id="0" name="Data">
  <packagedElement name="Data" id="1000">
    <node>
      <id>10</id>
      <Des>SCADA software</Des>
      <Mapping>
        <Encryption>No</Encryption>
        <Device>Enterprise Control network </Device>
      </Mapping>
    </node>
    <node>
      <id>11</id>
      <Des>SCADA commands,logs,archives</Des>
      <Mapping>
        <Encryption>No</Encryption>
        <Device>Scada control network</Device>
      </Mapping>
    </node>
    <node>
      <id>12</id>
      <Des>Alarms</Des>
      <Mapping>
        <Encryption>No</Encryption>
        <Device>pump stations &amp; RTUs</Device>
      </Mapping>
    </node>
  </packagedElement>
</model>