﻿<?xml version="1.0" encoding="utf-8"?>
<model xmlns:uml="uri:1" id="0" name="SK Hack">
  <packagedElement name="Maroochy_Operations" id="1001">
    <Vertex>Activity Inital<id>1</id><Labelling><Time></Time><Cost /><Requirements /></Labelling><Mapping><User></User><Network></Network><Data></Data></Mapping></Vertex>
    <Vertex>ALTools Common Module Update Application is launched<id>2</id><Labelling><Time></Time><Cost /><Requirements /></Labelling><Mapping><User>Network Adminstrator</User><Network>All devices in SK network</Network><Data>software</Data></Mapping></Vertex>
    <Vertex>Initialte FTP connection with ALTools server<id>3</id><Labelling><Time></Time><Cost /><Requirements /></Labelling><Mapping><User>Network Adminstrator</User><Network>All devices in SK network</Network><Data></Data></Mapping></Vertex>
    <Vertex>FTP connection established . Send Acknowledgement<id>4</id><Labelling><Time></Time><Cost /><Requirements /></Labelling><Mapping><User></User><Network>ALTools Update Server</Network><Data>software</Data></Mapping></Vertex>
    <Vertex>Initiate download of outdated ALTools over FTP channel<id>5</id><Labelling><Time></Time><Cost /><Requirements /></Labelling><Mapping><User></User><Network>All devices in SK network</Network><Data>software , process values, messages , alarms</Data></Mapping></Vertex>
    <Vertex>Send new exe/dll/binaries of requested ALTools.<id>6</id><Labelling><Time></Time><Cost /><Requirements /></Labelling><Mapping><User></User><Network>All devices in SK network</Network><Data>Software</Data></Mapping></Vertex>
    <Vertex>Completed transfer of new software versions.<id>7</id><Labelling><Time></Time><Cost /><Requirements /></Labelling><Mapping><User>Network Adminstrator</User><Network>All devices in SK network</Network><Data>Software</Data></Mapping></Vertex>
    <Vertex>Install the new dowloaded software<id>8</id><Labelling><Time></Time><Cost /><Requirements /></Labelling><Mapping><User>Network Adminstrator</User><Network>All devices in network</Network><Data>Software</Data></Mapping></Vertex>
    <Vertex>ALTools Common Module Update Application is terminated<id>9</id><Labelling><Time></Time><Cost /><Requirements /></Labelling><Mapping><User>Network adminstrator</User><Network>All devices in the SK network</Network><Data>Logs,messages , alarms</Data></Mapping></Vertex>
    <Edge>
      <id>14</id>
      <source>
        <name>Activity initial </name>
      </source>
      <target>
        <name>ALTools Common Module Update Application is launched</name>
      </target>
    </Edge>
    <Edge>
      <id>15</id>
      <source>
        <name>ALTools Common Module Update Application is launched</name>
      </source>
      <target>
        <name>Initialte FTP connection with ALTools server</name>
      </target>
    </Edge>
    <Edge>
      <id>16</id>
      <source>
        <name>Initialte FTP connection with ALTools server</name>
      </source>
      <target>
        <name>FTP connection established . Send Acknowledgement</name>
      </target>
    </Edge>
    <Edge>
      <id>17</id>
      <source>
        <name>FTP connection established . Send Acknowledgement</name>
      </source>
      <target>
        <name>Initiate download of outdated ALTools over FTP channel</name>
      </target>
    </Edge>
    <Edge>
      <id>18</id>
      <source>
        <name>Initiate download of outdated ALTools over FTP channel</name>
      </source>
      <target>
        <name>Send new exe/dll/binaries of requested ALTools.</name>
      </target>
    </Edge>
    <Edge>
      <id>19</id>
      <source>
        <name>Send new exe/dll/binaries of requested ALTools.</name>
      </source>
      <target>
        <name>Completed transfer of new software versions.</name>
      </target>
    </Edge>
    <Edge>
      <id>20</id>
      <source>
        <name>Completed transfer of new software versions.</name>
      </source>
      <target>
        <name>Install the new dowloaded software</name>
      </target>
    </Edge>
    <Edge>
      <id>21</id>
      <source>
        <name>Install the new dowloaded software</name>
      </source>
      <target>
        <name>ALTools Common Module Update Application is terminated</name>
      </target>
    </Edge>
    <Edge>
      <id>22</id>
      <source>
        <name>ALTools Common Module Update Application is terminated</name>
      </source>
      <target>
        <name>Activity Final</name>
      </target>
    </Edge>
  </packagedElement>
</model>