﻿<?xml version="1.0" encoding="utf-8"?>
<model xmlns:uml="uri:1" id="0" name="Countermeasure">
  <packagedElement id="1000">
    <node>
      <id>1</id>
      <Des>Personal security control ( background verification of emp, least user access policy)</Des>
      <Mapping>
        <Effectiveness>Medium</Effectiveness>
        <Cost>Low</Cost>
        <Component>User</Component>
      </Mapping>
    </node>
    <node>
      <id>2</id>
      <Des>System wide intrusion detection </Des>
      <Mapping>
        <Effectiveness>High</Effectiveness>
        <Cost>High</Cost>
        <Component>Entire network</Component>
      </Mapping>
    </node>
    <node>
      <id>3</id>
      <Des>Log SCADA commands and responses</Des>
      <Mapping>
        <Effectiveness>Medium</Effectiveness>
        <Cost>High</Cost>
        <Component>Device,Data</Component>
      </Mapping>
    </node>
    <node>
      <id>4</id>
      <Des>Auditing Policies</Des>
      <Mapping>
        <Effectiveness>High</Effectiveness>
        <Cost>High</Cost>
        <Component>Operations</Component>
      </Mapping>
    </node>
    <node>
      <id>5</id>
      <Des>Awareness and training</Des>
      <Mapping>
        <Effectiveness>High</Effectiveness>
        <Cost>High</Cost>
        <Component>Operations,User</Component>
      </Mapping>
    </node>
    <node>
      <id>6</id>
      <Des>Contingence Planning</Des>
      <Mapping>
        <Effectiveness>High</Effectiveness>
        <Cost>High</Cost>
        <Component>Operations,User</Component>
      </Mapping>
    </node>
    <node>
      <id>7</id>
      <Des>Incidence response planning</Des>
      <Mapping>
        <Effectiveness>High</Effectiveness>
        <Cost>High</Cost>
        <Component>Operations,User</Component>
      </Mapping>
    </node>
    <node>
      <id>8</id>
      <Des>Wireless access restriction policies</Des>
      <Mapping>
        <Effectiveness>High</Effectiveness>
        <Cost>Low</Cost>
        <Component>Network</Component>
      </Mapping>
    </node>
  </packagedElement>
</model>