﻿<?xml version="1.0" encoding="utf-8"?>
<model xmlns:uml="uri:1" id="0" name="Data">
  <packagedElement name="Data" id="1000">
    <node>
      <id>10</id>
      <Des>User data encrypted ( password, ID )</Des>
      <Mapping>
        <Encryption>Yes</Encryption>
        <Device>Nate and CyWorld databases</Device>
      </Mapping>
    </node>
    <node>
      <id>11</id>
      <Des>User data unencrypted ( email , names ,etc )</Des>
      <Mapping>
        <Encryption>No</Encryption>
        <Device>Nate and CyWorld databases</Device>
      </Mapping>
    </node>
    <node>
      <id>12</id>
      <Des>Process values,alarms,messages</Des>
      <Mapping>
        <Encryption>No</Encryption>
        <Device>All servers , logging and monitoring devices in the system</Device>
      </Mapping>
    </node>
    <node>
      <id>13</id>
      <Des>Software</Des>
      <Mapping>
        <Encryption>No</Encryption>
        <Device>All devices in the system</Device>
      </Mapping>
    </node>	
  </packagedElement>
</model>