﻿<?xml version="1.0" encoding="utf-8"?>
<model xmlns:uml="uri:1" id="0" name="Data">
  <packagedElement name="Data" id="1000">
    <node>
      <id>10</id>
      <Des>Credit card data</Des>
      <Mapping>
        <Device>POS Terminal,BoH Server,Payment server</Device>
        <Encrypted>Yes</Encrypted>
      </Mapping>
    </node>
    <node>
      <id>11</id>
      <Des>Customer PII</Des>
      <Mapping>
        <Device>POS Terminal,BoH Server,Payment server,Database server</Device>
        <Encrypted>Yes</Encrypted>
      </Mapping>
    </node>
    <node>
      <id>12</id>
      <Des>Admin access token</Des>
      <Mapping>
        <Device>Servers in corporate network</Device>
        <Encrypted>Yes</Encrypted>
      </Mapping>
    </node>
	    <node>
      <id>13</id>
      <Des>Status,messages</Des>
      <Mapping>
        <Device>Servers in corporate network</Device>
        <Encrypted>Yes</Encrypted>
      </Mapping>
    </node>
  </packagedElement>
</model>