﻿<?xml version="1.0" encoding="utf-8"?>
<model xmlns:uml="uri:1" id="0" name="SK Hack">
  <packagedElement name="Process Control Network" id="1001">
    <Vertex>Desktop PC<id>1</id><Labelling><Vulnerability></Vulnerability><Properties><OS>Microsoft OS</OS></Properties></Labelling></Vertex>
    <Vertex>Switch<id>2</id><Labelling><Vulnerability></Vulnerability><Properties><OS>Microsoft OS</OS></Properties></Labelling></Vertex>
    <Vertex>Firewall<id>3</id><Labelling><Vulnerability>CVE-2010-2549,CVE-2010-2743,CVE-2010-2744,CVE-2010-3338,CVE-2008-4250,CVE-2010-2568,CVE-2010-2729</Vulnerability><Properties><OS>Microsoft OS</OS></Properties></Labelling></Vertex>
    <Vertex>DSL Router<id>4</id><Labelling><Vulnerability></Vulnerability><Properties><OS></OS></Properties></Labelling></Vertex>
    <Vertex>ISP <id>5</id><Labelling><Vulnerability></Vulnerability><Properties><OS></OS></Properties></Labelling></Vertex>
    <Vertex>Internet<id>6</id><Labelling><Vulnerability></Vulnerability><Properties><OS></OS></Properties></Labelling></Vertex>
    <Vertex>ALTools Update Server<id>7</id><Labelling><Vulnerability></Vulnerability><Properties><OS></OS></Properties></Labelling></Vertex>
    <Edge>
      <id>9</id>
      <source>
        <name>Desktop PC</name>
      </source>
      <target>
        <name>Switch</name>
      </target>
      <Labelling>
        <Protocol>TCP/IP</Protocol>
      </Labelling>
    </Edge>
    <Edge>
      <id>10</id>
      <source>
        <name>Switch</name>
      </source>
      <target>
        <name>Firewall</name>
      </target>
      <Labelling>
        <Protocol></Protocol>
      </Labelling>
    </Edge>
    <Edge>
      <id>11</id>
      <source>
        <name>Firewall </name>
      </source>
      <target>
        <name>DSL Router</name>
      </target>
      <Labelling>
        <Protocol></Protocol>
      </Labelling>
    </Edge>
    <Edge>
      <id>12</id>
      <source>
        <name>DSL Router</name>
      </source>
      <target>
        <name>ISP </name>
      </target>
      <Labelling>
        <Protocol></Protocol>
      </Labelling>
    </Edge>
    <Edge>
      <id>13</id>
      <source>
        <name>ISP </name>
      </source>
      <target>
        <name>Internet</name>
      </target>
      <Labelling>
        <Protocol></Protocol>
      </Labelling>
    </Edge>
    <Edge>
      <id>14</id>
      <source>
        <name>Internet </name>
      </source>
      <target>
        <name>AlTools Update Server</name>
      </target>
      <Labelling>
        <Protocol></Protocol>
      </Labelling>
    </Edge>
  </packagedElement>
</model>