﻿<?xml version="1.0" encoding="utf-8"?>
<model xmlns:uml="uri:1" id="0" name="Attack" xmlns:xlink="http://www.w3.org/1999/xlink">
  <packagedElement name="Attacker" id="1000">
    <node>
      <id>10</id>
      <Goal>Steal credit card information</Goal>
      <Access>External attacker</Access>
      <Skill>Knowledge of existing hacking tools, crafted malware,Windows Active Directory,Establish Command and Control Communication for data ex filtration (C&amp;C)</Skill>
    </node>
  </packagedElement>
  <packagedElement name="Attack Step " id="1001">
    <node>
      <id>1</id>
      <Des>Steal credentials</Des>
      <Pre>Access to vendor's network,malware to compromise the network</Pre>
      <Post>Valid credentials for Targets's system</Post>
      <Countermeasure xlink:type="simple" xlink:href="/Countermeasures/target_countermeasure.xml#1"></Countermeasure>
      <Countermeasure xlink:type="simple" xlink:href="/Countermeasures/target_countermeasure.xml#2"></Countermeasure>
      <Countermeasure xlink:type="simple" xlink:href="/Countermeasures/target_countermeasure.xml#6"></Countermeasure>
    </node>
    <node>
      <id>2</id>
      <Des>Exploit web server</Des>
      <Pre>Vendor credentials,web server exploitation capability</Pre>
      <Post>Ability to execute arbitrary OS commands</Post>
      <Countermeasure xlink:type="simple" xlink:href="/Countermeasures/target_countermeasure.xml#5"></Countermeasure>
    </node>
    <node>
      <id>3</id>
      <Des>Steal token</Des>
      <Pre>Tools for obtaining the NT hash from the web server's memory </Pre>
      <Post>Admin privilege for the whole corporate network </Post>
      <Countermeasure xlink:type="simple" xlink:href="/Countermeasures/target_countermeasure.xml#7"></Countermeasure>
    </node>
    <node>
      <id>4</id>
      <Des>Create new admin account</Des>
      <Pre>Admin privilege to be able to add new user to domain,</Pre>
      <Post>Ability to have a persistent connection to all machines in the network</Post>
      <Countermeasure xlink:type="simple" xlink:href="/Countermeasures/target_countermeasure.xml#3"></Countermeasure>
      <Countermeasure xlink:type="simple" xlink:href="/Countermeasures/target_countermeasure.xml#7"></Countermeasure>
    </node>
    <node>
      <id>5</id>
      <Des>Steal PII data </Des>
      <Pre>Database reconnaissance</Pre>
      <Post>Possession of encrypted customer records</Post>
      <Countermeasure xlink:type="simple" xlink:href="/Countermeasures/target_countermeasure.xml#4"></Countermeasure>
    </node>
    <node>
      <id>6</id>
      <Des>Install malware</Des>
      <Pre>Access to POS terminal via network connections,access to malware</Pre>
      <Post>Possession of unencrypted card data</Post>
      <Countermeasure xlink:type="simple" xlink:href="/Countermeasures/target_countermeasure.xml#3"></Countermeasure>
    </node>
    <node>
      <id>7</id>
      <Des>Aggregate data locally</Des>
      <Pre>Customer swipes card at POS terminal</Pre>
      <Post>Compromise of sensitive user data vis RAM scraping attack</Post>
      <Countermeasure xlink:type="simple" xlink:href="/Countermeasures/target_countermeasure.xml#3"></Countermeasure>
    </node>
    <node>
      <id>8</id>
      <Des>Ex filtrate data</Des>
      <Pre>FTP connection connection to remote server,scripts to copy data to attackers server</Pre>
      <Post>Compromise of sensitive user data</Post>
      <Countermeasure xlink:type="simple" xlink:href="/Countermeasures/target_countermeasure.xml#3"></Countermeasure>
    </node>
  </packagedElement>
</model>