﻿<?xml version="1.0" encoding="utf-8"?>
<model xmlns:uml="uri:1" id="0" name="Outcome">
  <packagedElement name="Undiserable outcomes" id="1000">
    <node>
      <id>1</id>
      <Desc>Loss of credit card data</Desc>
      <Mapping>POS machine</Mapping>
      <Implications>Fraud , Legal liability</Implications>
    </node>
    <node>
      <id>2</id>
      <Desc>Loss of PII</Desc>
      <Mapping>Database server</Mapping>
      <Implications>Loss of goodwill , Legal liability</Implications>
    </node>
  </packagedElement>
</model>