﻿<?xml version="1.0" encoding="utf-8"?>
<model xmlns:uml="uri:1" id="0" name="Users">
  <packagedElement name="Users" id="1">
    <node>
      <id>12</id>
      <Des>
        <Name>Customer</Name>
        <Role>non privileged user</Role>
      </Des>
      <Mapping>
        <Device>Application server</Device>
        <Data>personal data</Data>
      </Mapping>
    </node>
    <node>
      <id>13</id>
      <Des>
        <Name>Database administrator</Name>
        <Role>Privileged user</Role>
      </Des>
      <Mapping>
        <Device>Nate and CyWorld databases</Device>
        <Data>all information in the database</Data>
      </Mapping>
    </node>
  </packagedElement>
</model>