﻿<?xml version="1.0" encoding="utf-8"?>
<model xmlns:uml="uri:1" id="0" name="Attack" xmlns:xlink="http://www.w3.org/1999/xlink">
  <packagedElement name="Attacker" id="1000">
    <node>
      <id>10</id>
      <Goal>Post propaganda tweets</Goal>
      <Access>Limited, external</Access>
      <Skill>Persistant and adaptive attacker</Skill>
    </node>
  </packagedElement>
  <packagedElement name="Attack Step " id="1001">
    <node>
      <id>1</id>
      <Des>Initial Spear phishing</Des>
      <Pre>Emails with malicious links, database of organizations user accounts</Pre>
      <Post>Successfully harvesting legitimate credentials </Post>
      <Countermeasure xlink:type="simple" xlink:href="/Countermeasures/sea_countermeasure.xml#3"></Countermeasure>
    </node>
    <node>
      <id>2</id>
      <Des>Another round of spear phising using harvested credentials</Des>
      <Pre>Successfuly obtained credentials of a valid user in the organization</Pre>
      <Post>Compromised CMS , marketing account credentials</Post>
      <Countermeasure xlink:type="simple" xlink:href="/Countermeasures/sea_countermeasure.xml#1"></Countermeasure>
      <Countermeasure xlink:type="simple" xlink:href="/Countermeasures/sea_countermeasure.xml#2"></Countermeasure>
      <Countermeasure xlink:type="simple" xlink:href="/Countermeasures/sea_countermeasure.xml#3"></Countermeasure>
      <Countermeasure xlink:type="simple" xlink:href="/Countermeasures/sea_countermeasure.xml#5"></Countermeasure>
    </node>
    <node>
      <id>3</id>
      <Des>Post propaganda messages on twitter</Des>
      <Pre>Reset twitter credentials using marketing email account </Pre>
      <Post>Defacing organizations public accounts </Post>
      <Countermeasure xlink:type="simple" xlink:href="/Countermeasures/sea_countermeasure.xml#4"></Countermeasure>
    </node>
  </packagedElement>
</model>