﻿<?xml version="1.0" encoding="utf-8"?>
<model xmlns:uml="uri:1" id="0" name="DragonFly">
  <packagedElement name="DragonFly_Operations" id="1001">
    <Vertex>Activity Intial<id>1</id><Labelling><Time></Time><Cost /><Requirements /></Labelling><Mapping><User></User><Network></Network><Data></Data></Mapping></Vertex>
    <Vertex>SCADA operator log on to HMI terminal<id>2</id><Labelling><Time></Time><Cost /><Requirements /></Labelling><Mapping><User>HMI operator</User><Network>WinCC Client , WinCC Server</Network><Data></Data></Mapping></Vertex>
    <Vertex>SCADA operator is alerted for  routine maintainance on remote PLCs <id>3</id><Labelling><Time></Time><Cost /><Requirements /></Labelling><Mapping><User>HMI operator</User><Network>WinCC Client , WinCC Server , PLC</Network><Data>Process values, messages , alerts</Data></Mapping></Vertex>
    <Vertex>Initiate command to log on to eFive service<id>4</id><Labelling><Time></Time><Cost /><Requirements /></Labelling><Mapping><User></User><Network>eFive solution</Network><Data>Logs</Data></Mapping></Vertex>
    <Vertex>eFive portal accepts login request <id>5</id><Labelling><Time></Time><Cost /><Requirements /></Labelling><Mapping><User>HMI Operator</User><Network>eFive service</Network><Data></Data></Mapping></Vertex>
    <Vertex>Initiate command to establish VPN connection to remote PLCs<id>6</id><Labelling><Time></Time><Cost /><Requirements /></Labelling><Mapping><User>HMI Operator</User><Network>eFive service</Network><Data>Process values,alarms,messages</Data></Mapping></Vertex>
    <Vertex>Initiate encrypted VPN connection <id>7</id><Labelling><Time></Time><Cost /><Requirements /></Labelling><Mapping><User></User><Network>eFive service</Network><Data>Messages , alarms</Data></Mapping></Vertex>
    <Vertex>Encrypted session established . Send Acknoledgement<id>8</id><Labelling><Time></Time><Cost /><Requirements /></Labelling><Mapping><User></User><Network>eFive service, eWon VPN Router </Network><Data></Data></Mapping></Vertex>
    <Vertex>Receive acknowledgement<id>9</id><Labelling><Time></Time><Cost /><Requirements /></Labelling><Mapping><User></User><Network>eFive service, eWon VPN Router </Network><Data></Data></Mapping></Vertex>
    <Vertex>Initiate command to fetch PLC logs and memory dumps<id>10</id><Labelling><Time></Time><Cost /><Requirements /></Labelling><Mapping><User>HMI operator</User><Network>HMI Computer</Network><Data>Process values,alarms,messages</Data></Mapping></Vertex>
    <Vertex>Send request to fetch data over encrypted VPN channel<id>11</id><Labelling><Time></Time><Cost /><Requirements /></Labelling><Mapping><User>HMI operator</User><Network>eFive service</Network><Data>Process values,alarms,messages</Data></Mapping></Vertex>
    <Vertex>Forward request to PLC<id>12</id><Labelling><Time></Time><Cost /><Requirements /></Labelling><Mapping><User></User><Network>eWon VPN router , PLC</Network><Data>Project files in assembly </Data></Mapping></Vertex>
    <Vertex>PLC receive request and reply with logs and memory dumps<id>13</id><Labelling><Time></Time><Cost /><Requirements /></Labelling><Mapping><User></User><Network>PLC</Network><Data>Messages, alarms</Data></Mapping></Vertex>
    <Vertex>Send data over encrypted VPN channel<id>14</id><Labelling><Time></Time><Cost /><Requirements /></Labelling><Mapping><User></User><Network>PLC , eWon VPN router</Network><Data>Messages, alarms</Data></Mapping></Vertex>
    <Vertex>Receive data for analysis<id>15</id><Labelling><Time></Time><Cost /><Requirements /></Labelling><Mapping><User></User><Network>eFive service</Network><Data>Process values, messages, alarms</Data></Mapping></Vertex>
    <Vertex>SCADA operator uses the  data for analysis<id>16</id><Labelling><Time></Time><Cost /><Requirements /></Labelling><Mapping><User>HMI operator</User><Network>HMI Computer</Network><Data>Process values, messages, alarms</Data></Mapping></Vertex>
    <Vertex>Activity Final<id>17</id><Labelling><Time></Time><Cost /><Requirements /></Labelling><Mapping><User></User><Network></Network><Data></Data></Mapping></Vertex>
    <Edge>
      <id>18</id>
      <source>
        <name>Activity Initial</name>
      </source>
      <target>
        <name>SCADA operator log on to HMI terminal</name>
      </target>
    </Edge>
    <Edge>
      <id>19</id>
      <source>
        <name>SCADA operator log on to HMI terminal</name>
      </source>
      <target>
        <name>SCADA operator is alerted for  routine maintainance on remote PLCs </name>
      </target>
    </Edge>
    <Edge>
      <id>20</id>
      <source>
        <name>SCADA operator is alerted for  routine maintainance on remote PLCs </name>
      </source>
      <target>
        <name>Initiate command to log on to eFive service</name>
      </target>
    </Edge>
    <Edge>
      <id>21</id>
      <source>
        <name>Initiate command to log on to eFive service</name>
      </source>
      <target>
        <name>eFive portal accepts login request </name>
      </target>
    </Edge>
    <Edge>
      <id>22</id>
      <source>
        <name>eFive portal accepts login request </name>
      </source>
      <target>
        <name>Initiate command to establish VPN connection to remote PLCs</name>
      </target>
    </Edge>
    <Edge>
      <id>23</id>
      <source>
        <name>Initiate command to establish VPN connection to remote PLCs</name>
      </source>
      <target>
        <name>Initiate encrypted VPN connection </name>
      </target>
    </Edge>
    <Edge>
      <id>24</id>
      <source>
        <name>Initiate encrypted VPN connection </name>
      </source>
      <target>
        <name>Encrypted session established . Send Acknoledgement</name>
      </target>
    </Edge>
    <Edge>
      <id>25</id>
      <source>
        <name>Encrypted session established . Send Acknoledgement</name>
      </source>
      <target>
        <name>Receive acknowledgement</name>
      </target>
    </Edge>
    <Edge>
      <id>26</id>
      <source>
        <name>Receive acknowledgement</name>
      </source>
      <target>
        <name>Initiate command to fetch PLC logs and memory dumps</name>
      </target>
    </Edge>
    <Edge>
      <id>27</id>
      <source>
        <name>Initiate command to fetch PLC logs and memory dumps</name>
      </source>
      <target>
        <name>Send request to fetch data over encrypted VPN channel</name>
      </target>
    </Edge>
    <Edge>
      <id>28</id>
      <source>
        <name>Send request to fetch data over encrypted VPN channel</name>
      </source>
      <target>
        <name>Forward request to PLC</name>
      </target>
    </Edge>
    <Edge>
      <id>28</id>
      <source>
        <name>Forward request to PLC</name>
      </source>
      <target>
        <name>PLC receive request and reply with logs and memory dumps</name>
      </target>
    </Edge>
    <Edge>
      <id>29</id>
      <source>
        <name>PLC receive request and reply with logs and memory dumps</name>
      </source>
      <target>
        <name>Send data over encrypted VPN channel</name>
      </target>
    </Edge>
    <Edge>
      <id>30</id>
      <source>
        <name>Send data over encrypted VPN channel</name>
      </source>
      <target>
        <name>Receive data for analysis</name>
      </target>
    </Edge>
    <Edge>
      <id>30</id>
      <source>
        <name>Receive data for analysis</name>
      </source>
      <target>
        <name>SCADA operator uses the  data for analysis</name>
      </target>
    </Edge>
    <Edge>
      <id>30</id>
      <source>
        <name>SCADA operator uses the  data for analysis</name>
      </source>
      <target>
        <name>Activity Final</name>
      </target>
    </Edge>
  </packagedElement>
</model>