<mxGraphModel>
	<root>
		<mxCell id="0"/>
		<mxCell id="1" parent="0"/>
		<mxCell id="2" parent="1" style="swimlane" value="eFive Updater" vertex="1"><mxGeometry as="geometry" height="1510.0" width="220.0" x="120.0" y="30.0"/></mxCell>
		<mxCell id="4" parent="2" style="image;image=/com/mxgraph/examples/swing/palette/workflow/Activity initial.png" value="" vertex="1"><mxGeometry as="geometry" height="50.0" width="50.0" x="80.0" y="50.0"/></mxCell>
		<mxCell id="5" parent="2" style="rounded=1;whiteSpace=wrap" value="eFive Updater launches" vertex="1"><mxGeometry as="geometry" height="75.0" width="120.0" x="50.0" y="210.0"/></mxCell>
		<mxCell edge="1" id="6" parent="2" source="4" style="straight" target="5" value=""><mxGeometry as="geometry" height="120.0" relative="1" width="120.0"><mxPoint as="sourcePoint" x="90.0" y="100.0"/><mxPoint as="targetPoint" x="210.0" y="-20.0"/></mxGeometry></mxCell>
		<mxCell id="7" parent="2" style="rounded=1;whiteSpace=wrap" value="Enumerate to create list of outdated software versions" vertex="1"><mxGeometry as="geometry" height="100.0" width="120.0" x="40.0" y="590.0"/></mxCell>
		<mxCell id="8" parent="2" style="rounded=1;whiteSpace=wrap" value="Initialte FTP connection to software repository" vertex="1"><mxGeometry as="geometry" height="75.0" width="120.0" x="50.0" y="370.0"/></mxCell>
		<mxCell edge="1" id="10" parent="2" source="5" style="straight" target="8" value=""><mxGeometry as="geometry" height="120.0" relative="1" width="120.0"><mxPoint as="sourcePoint" x="110.0" y="300.0"/><mxPoint as="targetPoint" x="230.0" y="180.0"/></mxGeometry></mxCell>
		<mxCell id="13" parent="2" style="rounded=1;whiteSpace=wrap" value="Initiate request for download of outdated software versions" vertex="1"><mxGeometry as="geometry" height="110.0" width="120.0" x="40.0" y="760.0"/></mxCell>
		<mxCell edge="1" id="14" parent="2" source="7" style="straight" target="13" value=""><mxGeometry as="geometry" height="120.0" relative="1" width="120.0"><mxPoint as="sourcePoint" x="70.0" y="690.0"/><mxPoint as="targetPoint" x="190.0" y="570.0"/></mxGeometry></mxCell>
		<mxCell id="17" parent="2" style="rounded=1;whiteSpace=wrap" value="Complete data transfer and send acknowledgement" vertex="1"><mxGeometry as="geometry" height="90.0" width="120.0" x="40.0" y="970.0"/></mxCell>
		<mxCell id="19" parent="2" style="rounded=1;whiteSpace=wrap" value="Install the new downloaded exe/dll" vertex="1"><mxGeometry as="geometry" height="75.0" width="120.0" x="50.0" y="1110.0"/></mxCell>
		<mxCell edge="1" id="20" parent="2" source="17" style="straight" value=""><mxGeometry as="geometry" height="120.0" relative="1" width="120.0"><mxPoint as="sourcePoint" x="60.0" y="1010.0"/><mxPoint as="targetPoint" x="100.0" y="1110.0"/></mxGeometry></mxCell>
		<mxCell id="21" parent="2" style="image;image=/com/mxgraph/examples/swing/palette/workflow/Activity final.png" value="" vertex="1"><mxGeometry as="geometry" height="50.0" width="50.0" x="70.0" y="1410.0"/></mxCell>
		<mxCell id="23" parent="2" style="rounded=1;whiteSpace=wrap" value="eFive Updater terminates" vertex="1"><mxGeometry as="geometry" height="75.0" width="120.0" x="40.0" y="1250.0"/></mxCell>
		<mxCell edge="1" id="24" parent="2" source="19" style="straight" target="23" value=""><mxGeometry as="geometry" height="120.0" relative="1" width="120.0"><mxPoint as="sourcePoint" x="90.0" y="1160.0"/><mxPoint as="targetPoint" x="210.0" y="1040.0"/></mxGeometry></mxCell>
		<mxCell edge="1" id="25" parent="2" source="23" style="straight" target="21" value=""><mxGeometry as="geometry" height="120.0" relative="1" width="120.0"><mxPoint as="sourcePoint" x="10.0" y="1510.0"/><mxPoint as="targetPoint" x="130.0" y="1390.0"/></mxGeometry></mxCell>
		<mxCell id="3" parent="1" style="swimlane" value="eWon Software Repository" vertex="1"><mxGeometry as="geometry" height="1150.0" width="220.0" x="340.0" y="30.0"/></mxCell><mxCell id="9" parent="3" style="rounded=1;whiteSpace=wrap" value="FTP connection established . Send acknowledgement" vertex="1"><mxGeometry as="geometry" height="120.0" width="120.0" x="50.0" y="430.0"/></mxCell>
		<mxCell id="15" parent="3" style="rounded=1;whiteSpace=wrap" value="Receive request and send data over FTP connection" vertex="1"><mxGeometry as="geometry" height="75.0" width="120.0" x="50.0" y="860.0"/></mxCell>
		<mxCell edge="1" id="11" parent="1" source="8" style="straight" target="9" value=""><mxGeometry as="geometry" height="120.0" relative="1" width="120.0"><mxPoint as="sourcePoint" x="270.0" y="450.0"/><mxPoint as="targetPoint" x="390.0" y="330.0"/></mxGeometry></mxCell>
		<mxCell edge="1" id="12" parent="1" source="9" style="straight" target="7" value=""><mxGeometry as="geometry" height="120.0" relative="1" width="120.0"><mxPoint as="sourcePoint" x="420.0" y="550.0"/><mxPoint as="targetPoint" x="540.0" y="430.0"/></mxGeometry></mxCell>
		<mxCell edge="1" id="16" parent="1" source="13" style="straight" target="15" value=""><mxGeometry as="geometry" height="120.0" relative="1" width="120.0"><mxPoint as="sourcePoint" x="280.0" y="840.0"/><mxPoint as="targetPoint" x="400.0" y="720.0"/></mxGeometry></mxCell>
		<mxCell edge="1" id="18" parent="1" source="15" style="straight" target="17" value=""><mxGeometry as="geometry" height="120.0" relative="1" width="120.0"><mxPoint as="sourcePoint" x="480.0" y="930.0"/><mxPoint as="targetPoint" x="600.0" y="810.0"/></mxGeometry></mxCell>
	</root>
</mxGraphModel>