﻿<?xml version="1.0" encoding="utf-8"?>
<model xmlns:uml="uri:1" id="0" name="Attack" xmlns:xlink="http://www.w3.org/1999/xlink">
  <packagedElement name="Attacker" id="1000">
    <node>
      <id>10</id>
      <Goal>Steal personal information </Goal>
      <Access>External attacker</Access>
      <Skill>Advanced persistent attack,  ability to use known exploits , reconnaissance of SK Comunications network </Skill>
    </node>
  </packagedElement>
  <packagedElement name="Attack Step " id="1001">
    <node>
      <id>1</id>
      <Des>Register domains to set up C2C infrastructure</Des>
      <Pre>Resources to register domains</Pre>
      <Post>C2C infrastructure setup </Post>
    </node>
    <node>
      <id>2</id>
      <Des>Reconnaissance attack on SK Communications</Des>
      <Pre>Ability to exploit known vulnerabilities</Pre>
      <Post>Information about the SK Communication network and their software stack</Post>
      <Countermeasure xlink:type="simple" xlink:href="/Countermeasures/skhack_countermeasure.xml#1"></Countermeasure>
      <Countermeasure xlink:type="simple" xlink:href="/Countermeasures/dragonfly_countermeasure.xml#4"></Countermeasure>
      <Countermeasure xlink:type="simple" xlink:href="/Countermeasures/skhack_countermeasure.xml#2"></Countermeasure>
      <Countermeasure xlink:type="simple" xlink:href="/Countermeasures/skhack_countermeasure.xml#3"></Countermeasure>
    </node>
    <node>
      <id>3</id>
      <Des>Trojanized vendor software </Des>
      <Pre>DNS hijacking, exploiting known server attacks</Pre>
      <Post>External vendor software compromised</Post>
    </node>
    <node>
      <id>4</id>
      <Des>Establish toolkit of exploits</Des>
      <Pre>exploit known Microsoft IIS server attacks</Pre>
      <Post>Command and Control infrastructure created</Post>
    </node>
    <node>
      <id>5</id>
      <Des>Install malware via legitimate downloads</Des>
      <Pre>Prior knowledge of software download manager</Pre>
      <Post>SK Communication network compromised </Post>
      <Countermeasure xlink:type="simple" xlink:href="/Countermeasures/skhack_countermeasure.xml#4"></Countermeasure>
    </node>
    <node>
      <id>6</id>
      <Des>Download additional exploit payloads</Des>
      <Pre>Discreet C2C communication established, rootkit of additional modules established</Pre>
      <Post>Install malware for database access</Post>
      <Countermeasure xlink:type="simple" xlink:href="/Countermeasures/skhack_countermeasure.xml#1"></Countermeasure>
      <Countermeasure xlink:type="simple" xlink:href="/Countermeasures/skhack_countermeasure.xml#2"></Countermeasure>
    </node>
    <node>
      <id>7</id>
      <Des>Exfiltrate personal data</Des>
      <Pre>Discreet C2C communication established, malware to siphon database information installed</Pre>
      <Post>Lost of PII data</Post>
      <Countermeasure xlink:type="simple" xlink:href="/Countermeasures/skhack_countermeasure.xml#1"></Countermeasure>
      <Countermeasure xlink:type="simple" xlink:href="/Countermeasures/skhack_countermeasure.xml#2"></Countermeasure>
    </node>
  </packagedElement>
</model>