﻿<?xml version="1.0" encoding="utf-8"?>
<model xmlns:uml="uri:1" id="0" name="Countermeasure">
  <packagedElement id="1000">
    <node>
      <id>1</id>
      <Des>System wide intrusion detection </Des>
      <Mapping>
        <Effectiveness>High</Effectiveness>
        <Cost>High</Cost>
        <Component>Entire network</Component>
      </Mapping>
    </node>
    <node>
      <id>2</id>
      <Des>Two Factor Authentication for accounts</Des>
      <Mapping>
        <Effectiveness>High</Effectiveness>
        <Cost>High</Cost>
        <Component>Users</Component>
      </Mapping>
    </node>
    <node>
      <id>3</id>
      <Des>Awareness and training</Des>
      <Mapping>
        <Effectiveness>High</Effectiveness>
        <Cost>High</Cost>
        <Component>Operations,User</Component>
      </Mapping>
    </node>
    <node>
      <id>4</id>
      <Des>Incidence response planning</Des>
      <Mapping>
        <Effectiveness>High</Effectiveness>
        <Cost>High</Cost>
        <Component>Operations,User</Component>
      </Mapping>
    </node>
    <node>
      <id>5</id>
      <Des>Seperation of corporate and marketing email accounts</Des>
      <Mapping>
        <Effectiveness>High</Effectiveness>
        <Cost>Low</Cost>
        <Component>Users</Component>
      </Mapping>
    </node>
  </packagedElement>
</model>