﻿<?xml version="1.0" encoding="utf-8"?>

<model xmlns:uml="uri:1" id="0" name="Attack" xmlns:xlink="http://www.w3.org/1999/xlink">
  <packagedElement name="Attacker" id="1000">
    <node>
      <id>10</id>
      <Goal>Hack Pumping Station</Goal>
      <Access>Insider information</Access>
      <Skill>System internal knowledge , Stolen resources , Detection avoidance capability</Skill>
    </node>
  </packagedElement>
  <packagedElement name="Attack Step " id="1001">
    <node>
      <id>1</id>
      <Des>Stealing equipment</Des>
      <Pre>Knowledge of and/or access to the equipment required ( laptop, two way radio ) </Pre>
      <Post>Physical access to the equipment</Post>
      <Countermeasure xlink:type="simple" xlink:href="/Countermeasures/maroochy_countermeasure.xml#1"></Countermeasure>
      <Countermeasure xlink:type="simple" xlink:href="/Countermeasures/maroochy_countermeasure.xml#4"></Countermeasure>
    </node>
    <node>
      <id>2</id>
      <Des>Downloading communication sofware on stolen laptop</Des>
      <Pre>Access to software repository, physical access to stolen laptop</Pre>
      <Post>Infrastructure to launch an attack</Post>
      <Countermeasure xlink:type="simple" xlink:href="/Countermeasures/maroochy_countermeasure.xml#1"></Countermeasure>
      <Countermeasure xlink:type="simple" xlink:href="/Countermeasures/maroochy_countermeasure.xml#4"></Countermeasure>
    </node>
    <node>
      <id>3</id>
      <Des>Issue radio commands</Des>
      <Pre>Access to radio equipment, knowledge of radio network access control and policies</Pre>
      <Post>Launch malicious attack causing pumps to misbehave</Post>
      <Countermeasure xlink:type="simple" xlink:href="/Countermeasures/maroochy_countermeasure.xml#8"></Countermeasure>
    </node>
    <node>
      <id>4</id>
      <Des>Falsifying network address</Des>
      <Pre>Insider knowledge about the internal workings of the system</Pre>
      <Post>Hide malicious activity</Post>
      <Countermeasure xlink:type="simple" xlink:href="/Countermeasures/maroochy_countermeasure.xml#2"></Countermeasure>
    </node>
    <node>
      <id>5</id>
      <Des>Sending false data and instructions</Des>
      <Pre>Insider knowledge about the internal workings of the system</Pre>
      <Post>Failures apprear hard to diagnose and confusing for the operators</Post>
      <Countermeasure xlink:type="simple" xlink:href="/Countermeasures/maroochy_countermeasure.xml#2"></Countermeasure>
      <Countermeasure xlink:type="simple" xlink:href="/Countermeasures/maroochy_countermeasure.xml#3"></Countermeasure>
    </node>
    <node>
      <id>6</id>
      <Des>Disabling alarms</Des>
      <Pre>Knowledge of alarms in the system </Pre>
      <Post>Hide malicious activity, Confuse operators </Post>
      <Countermeasure xlink:type="simple" xlink:href="/Countermeasures/maroochy_countermeasure.xml#2"></Countermeasure>
    </node>
  </packagedElement>
</model>